<?xml version="1.0" encoding="utf-8"?>
<nrml
xmlns="http://openquake.org/xmlns/nrml/0.5"
xmlns:gml="http://www.opengis.net/gml"
>
    <sourceModel
    name="Example Source Model Containing an Area Source and a Simple Fault Source belonging to different tectonic region types"
    >
        <sourceGroup
        name="group 1"
        tectonicRegion="Active Shallow Crust"
        >
            <simpleFaultSource
            id="1"
            name="Simple Fault Source"
            tectonicRegion="Active Shallow Crust"
            >
                <simpleFaultGeometry>
                    <gml:LineString>
                        <gml:posList>
                            -0.734 0.749
							-0.488 0.420
                        </gml:posList>
                    </gml:LineString>
                    <dip>
                        3.0000000E+01
                    </dip>
                    <upperSeismoDepth>
                        5.0000000E+00
                    </upperSeismoDepth>
                    <lowerSeismoDepth>
                        1.5000000E+01
                    </lowerSeismoDepth>
                </simpleFaultGeometry>
                <magScaleRel>
                    WC1994
                </magScaleRel>
                <ruptAspectRatio>
                    2.0000000E+00
                </ruptAspectRatio>
                <truncGutenbergRichterMFD aValue="4.5990000E+00" bValue="5.2000000E-01" maxMag="7.0000000E+00" minMag="5.0000000E+00"/>
                <rake>
                    9.0000000E+01
                </rake>
            </simpleFaultSource>
        </sourceGroup>
    </sourceModel>
</nrml>
