<?xml version="1.0" encoding="UTF-8"?>
<nrml xmlns:gml="http://www.opengis.net/gml"
      xmlns="http://openquake.org/xmlns/nrml/0.4">
  <logicTree logicTreeID="lt1">
    <logicTreeBranchSet uncertaintyType="sourceModel"
                        branchSetID="bs1">
      <logicTreeBranch branchID="b1">
        <uncertaintyModel>source_model_1.xml</uncertaintyModel>
        <uncertaintyWeight>0.3</uncertaintyWeight>
      </logicTreeBranch>
      <logicTreeBranch branchID="b2">
        <uncertaintyModel>source_model_2.xml</uncertaintyModel>
        <uncertaintyWeight>0.2</uncertaintyWeight>
      </logicTreeBranch>
	  <logicTreeBranch branchID="b3">
        <uncertaintyModel>source_model_3.xml</uncertaintyModel>
        <uncertaintyWeight>0.1</uncertaintyWeight>
      </logicTreeBranch>
	  <logicTreeBranch branchID="b4">
        <uncertaintyModel>source_model_4.xml</uncertaintyModel>
        <uncertaintyWeight>0.4</uncertaintyWeight>
      </logicTreeBranch>
    </logicTreeBranchSet>
  </logicTree>
</nrml>
