<?xml version="1.0" encoding="utf-8"?>
<nrml
xmlns="http://openquake.org/xmlns/nrml/0.5"
xmlns:gml="http://www.opengis.net/gml"
>
    <sourceModel
    name="Example Source Model Containing a Point Source"
    >
        <sourceGroup
        name="group 1"
        tectonicRegion="Active Shallow Crust"
        >
            <pointSource
            id="2"
            name="Point Source"
            tectonicRegion="Active Shallow Crust"
            >
                <pointGeometry>
                    <gml:Point>
                        <gml:pos>
                            0.512 -0.316
                        </gml:pos>
                    </gml:Point>
                    <upperSeismoDepth>
                        5.0000000E+00
                    </upperSeismoDepth>
                    <lowerSeismoDepth>
                        1.5000000E+01
                    </lowerSeismoDepth>
                </pointGeometry>
                <magScaleRel>
                    WC1994
                </magScaleRel>
                <ruptAspectRatio>
                    1.5000000E+00
                </ruptAspectRatio>
                <truncGutenbergRichterMFD aValue="6.1800000E+00" bValue="3.1880000E+00" maxMag="7.0000000E+00" minMag="5.0000000E+00"/>
                <nodalPlaneDist>
                    <nodalPlane dip="3.0000000E+01" probability="3.0000000E-01" rake="0.0000000E+00" strike="4.5000000E+01"/>
                    <nodalPlane dip="3.0000000E+01" probability="7.0000000E-01" rake="9.0000000E+01" strike="4.5000000E+01"/>
                </nodalPlaneDist>
                <hypoDepthDist>
                    <hypoDepth depth="6.0000000E+00" probability="5.0000000E-01"/>
                    <hypoDepth depth="12.0000000E+00" probability="5.0000000E-01"/>
                </hypoDepthDist>
            </pointSource>
        </sourceGroup>
    </sourceModel>
</nrml>
